player_id,full_name,college,hometown,height,jersey_number,headshot_image,pro_experience,player_positions,team
400,Taya Beller,Wayne State College,"Lindsay, Nebraska",6'2,10,https://provolleyball.com/imgproxy/U7l56-ZPqs_GlIvL7FYTjuME5gOZHCyptAF3tfrrETc/rs:fit:2000:0:0/g:ce/q:90/aHR0cHM6Ly9zdG9yYWdlLmdvb2dsZWFwaXMuY29tL3Byb3ZvbGxleWJhbGwtcHJvZC91cGxvYWQvMjAyNC8xMi8yMC84OTZkZjBlMi0zMjRjLTRjMTItYjQ5NS1mN2IzNWUyNjM4MjYuanBn.jpg,,Middle Blocker,Atlanta Vibe
142,Whitney Bower,BYU,"Nampa, Idaho",5'7,14,https://provolleyball.com/imgproxy/TVvI9t1jaJ17bCZWvr5yzl7p6Y-j_4M_SrrQPtuZI7o/rs:fit:2000:0:0/g:ce/q:90/aHR0cHM6Ly9zdG9yYWdlLmdvb2dsZWFwaXMuY29tL3Byb3ZvbGxleWJhbGwtcHJvZC91cGxvYWQvMjAyNC8wNi8yNi9lNTNjYjFiOC1lM2Q2LTQ1YzYtYTU3Yy1lN2YwNTFjYmQ5MWEucG5n.png,,Setter,Atlanta Vibe
281,Anna Dixon,"Florida, Mizzou","Louisburg, Kansas",6'3,24,https://provolleyball.com/imgproxy/HQ1xMJkWULI_dJW9QEP17jRjCZ62TFf73cXNP0hA834/rs:fit:2000:0:0/g:ce/q:90/aHR0cHM6Ly9zdG9yYWdlLmdvb2dsZWFwaXMuY29tL3Byb3ZvbGxleWJhbGwtcHJvZC91cGxvYWQvMjAyNC8wNy8wOS9kODZkZWJhNC02ODlmLTRmNWEtYjIxMC03YTIxMjE5MzZhY2Yud2VicA.webp,,Outside Hitter,Atlanta Vibe
6,Leah Edmond,Kentucky,"Lexington, Kentucky",6'2,13,https://provolleyball.com/imgproxy/0cvqBHNtNOlYe5xNeVKgGLFNpiQglUg-ioRpzdFXtWA/rs:fit:2000:0:0/g:ce/q:90/aHR0cHM6Ly9zdG9yYWdlLmdvb2dsZWFwaXMuY29tL3Byb3ZvbGxleWJhbGwtcHJvZC91cGxvYWQvMjAyNC8wMS8yNC8zODIwOGUxZi1jYWE5LTQ1YzYtODZkNy04MDJlYzYxOWYyYjAuanBn.jpg,,Outside Hitter,Atlanta Vibe
148,Kacie Evans,Georgia,"Wadsworth, Ohio",5'11,23,https://provolleyball.com/imgproxy/1UcMLJdQXpgSkZpfHQcKXCcPSxWLSxDHk8nbytLC5so/rs:fit:2000:0:0/g:ce/q:90/aHR0cHM6Ly9zdG9yYWdlLmdvb2dsZWFwaXMuY29tL3Byb3ZvbGxleWJhbGwtcHJvZC91cGxvYWQvMjAyNC8wMS8yNC8xYmIwMzJiZC0zMjE0LTRlNDktYjIwMS0xNTdjMWRhZjA5MjAuanBn.jpg,,Outside Hitter,Atlanta Vibe
14,Shelly Fanning,Baylor,"Cypress, Texas",6'2,3,https://provolleyball.com/imgproxy/WxhV3yWo7XPmeTtB0j34txkrFuEMnLKiwb3Wb5vmVT4/rs:fit:2000:0:0/g:ce/q:90/aHR0cHM6Ly9zdG9yYWdlLmdvb2dsZWFwaXMuY29tL3Byb3ZvbGxleWJhbGwtcHJvZC91cGxvYWQvMjAyNC8wMS8yNC81ODQyOTNjYS04ODczLTRmMzktYmQ1YS0zMmU0MDI1NWEwMWUuanBn.jpg,,Middle Blocker,Atlanta Vibe
405,Taylor Head,Florida State/Arkansas,"Winter Garden, Florida",5'10,1,https://provolleyball.com/imgproxy/r3qW5hLGQIKZE6LbKE73G7K-jFb01OavBxiOgiisZVU/rs:fit:2000:0:0/g:ce/q:90/aHR0cHM6Ly9zdG9yYWdlLmdvb2dsZWFwaXMuY29tL3Byb3ZvbGxleWJhbGwtcHJvZC91cGxvYWQvMjAyNC8xMi8yOC8zYTg4ZjJjYi03YzEyLTRkM2EtOTNjMC1mY2E4ZmQ5NzkwYWMuanBn.jpg,,Outside Hitter,Atlanta Vibe
7,Morgan Hentz,Stanford,"Lakeside Park, Kentucky",5'9,9,https://provolleyball.com/imgproxy/yhGWfKVHbK_53iGMzPy-8B18i5aT2tkWrKFhevkxEUs/rs:fit:2000:0:0/g:ce/q:90/aHR0cHM6Ly9zdG9yYWdlLmdvb2dsZWFwaXMuY29tL3Byb3ZvbGxleWJhbGwtcHJvZC91cGxvYWQvMjAyNC8wMS8yNC8yNmE0YWRlZC1mOGZjLTRjYmEtYmYxOC0zMzFmMzU5ODQ2ZWMuanBn.jpg,,Libero,Atlanta Vibe
398,Madolyn Isringhausen,Tennessee Tech,"Edwardsville, Illinois",5'11,20,https://provolleyball.com/imgproxy/9LvtpiJz2qH0GabS_Zmz7VfzkjJg_3aD4IJczKaldhQ/rs:fit:2000:0:0/g:ce/q:90/aHR0cHM6Ly9zdG9yYWdlLmdvb2dsZWFwaXMuY29tL3Byb3ZvbGxleWJhbGwtcHJvZC91cGxvYWQvMjAyNC8xMi8xMi82NWI3YThlMy05Zjc3LTQyMDItOGY3Yy00YThiZDc4ODQzM2MuanBn.jpg,,Outside Hitter,Atlanta Vibe
276,Aiko Jones,Louisville,"Kingston, Jamaica",6'2,15,https://provolleyball.com/imgproxy/ZVinqftPaaaYc6IOIbaJAXy2A-mR7JU6Yo6xPrf2AB0/rs:fit:2000:0:0/g:ce/q:90/aHR0cHM6Ly9zdG9yYWdlLmdvb2dsZWFwaXMuY29tL3Byb3ZvbGxleWJhbGwtcHJvZC91cGxvYWQvMjAyNC8wNy8wMS9jNGEyNGM4MC1lMDJiLTRjZjctOWEyYy1kODY4ZGZkZTNjMjAud2VicA.webp,,Opposite Hitter,Atlanta Vibe
399,Khori Louis,Florida State,"Tallahassee, Florida",6'3,22,https://provolleyball.com/imgproxy/bKFX8VeOW2mOOYORC4XYj_sK4NaHVofDcLqMwxBCEak/rs:fit:2000:0:0/g:ce/q:90/aHR0cHM6Ly9zdG9yYWdlLmdvb2dsZWFwaXMuY29tL3Byb3ZvbGxleWJhbGwtcHJvZC91cGxvYWQvMjAyNC8xMi8xMy84MmVlYjRmNC00Yzc0LTQyYzktYTdjZi03MTQ2YTk2NzliMDIuanBn.jpg,,Middle Blocker,Atlanta Vibe
11,Marlie Monserez,"Florida, UCLA","Windermere, Florida",6'0,21,https://provolleyball.com/imgproxy/tNoJJaKsIj4JoAAVOh8U1_o84D91UsDk7A204RRh-Gc/rs:fit:2000:0:0/g:ce/q:90/aHR0cHM6Ly9zdG9yYWdlLmdvb2dsZWFwaXMuY29tL3Byb3ZvbGxleWJhbGwtcHJvZC91cGxvYWQvMjAyNC8wMS8yNC9mYjQ5Yzk2Ny00NWJkLTRjMjMtYTU5MS00MGIwZjBlMzNhYTkuanBn.jpg,,Setter,Atlanta Vibe
24,Jenna Rosenthal,Marquette,"Fond du Lac, Wisconsin",6'6,16,https://provolleyball.com/imgproxy/ohYw_GmBRIoYeslDBCBxAqR0X5rXiVE5Bn2KJb8bAZQ/rs:fit:2000:0:0/g:ce/q:90/aHR0cHM6Ly9zdG9yYWdlLmdvb2dsZWFwaXMuY29tL3Byb3ZvbGxleWJhbGwtcHJvZC91cGxvYWQvMjAyNC8wMy8xOC9lZmMwM2MyNC0zNjA5LTQxNjYtOTk1Yi1iYWY3YmQ1NjE1ZjkucG5n.png,,Middle Blocker,Atlanta Vibe
277,Pia Timmer,Washington State,"Nordhorn, Germany",6'2,7,https://provolleyball.com/imgproxy/4tXgrd7yrlntoW64PMg-9HpeMsfoBxHt6SwvPPeFhr0/rs:fit:2000:0:0/g:ce/q:90/aHR0cHM6Ly9zdG9yYWdlLmdvb2dsZWFwaXMuY29tL3Byb3ZvbGxleWJhbGwtcHJvZC91cGxvYWQvMjAyNC8wNy8wMS8wNmNjZGZmZC1mZTk3LTQyNmQtYjU2NS1kNTY4ZTZhMzVjMjQud2VicA.webp,,Outside Hitter,Atlanta Vibe
404,Mia Tuaniga,University of Southern California,"Long Beach, California",5'9,91,https://provolleyball.com/imgproxy/wyzFGUF7Z4lPujPjlKwPMmSmC3VTeiej784RsXiir2I/rs:fit:2000:0:0/g:ce/q:90/aHR0cHM6Ly9zdG9yYWdlLmdvb2dsZWFwaXMuY29tL3Byb3ZvbGxleWJhbGwtcHJvZC91cGxvYWQvMjAyNC8xMi8yOC9jZjRmNGQ0Mi00MDAxLTQ4NjgtOGU5Zi03Nzg5ZWYxOTk2NDYuanBn.jpg,,Setter,Atlanta Vibe
267,McKenna Vicini,,"Lexington, KY",6'2,12,https://provolleyball.com/imgproxy/o8MqQPgsf4-mhL4_l48SyXiocpF060AxZHs9EFgx6bY/rs:fit:2000:0:0/g:ce/q:90/aHR0cHM6Ly9zdG9yYWdlLmdvb2dsZWFwaXMuY29tL3Byb3ZvbGxleWJhbGwtcHJvZC91cGxvYWQvMjAyNC8wNC8yNS9lYjQzMzY4Yi1hZTdjLTRlNmMtYjVkNC01NDJjNzg1ZTk2ODIucG5n.png,,Middle Blocker,Atlanta Vibe
97,Karis Watson,Clemson,"Rock Hill, South Carolina",6'2,16,https://provolleyball.com/imgproxy/5rvqAPeg5XSjagC3aoFcI4D0K2UDeDZrWJc85WEcwjY/rs:fit:2000:0:0/g:ce/q:90/aHR0cHM6Ly9zdG9yYWdlLmdvb2dsZWFwaXMuY29tL3Byb3ZvbGxleWJhbGwtcHJvZC91cGxvYWQvMjAyNC8wMS8yNC8xYWM5Y2RmMy02NTU4LTQzMGEtOWVmZi01OWUxMWFlMWRlMDYuanBn.jpg,,Middle Blocker,Atlanta Vibe
56,Paula Cerame,Indiana,"San Juan, Puerto Rico",5'8,20,https://provolleyball.com/imgproxy/KYYZexUyMsQJXrR9oLd-7K0eKTWbCQHkpHUwpxARwTc/rs:fit:2000:0:0/g:ce/q:90/aHR0cHM6Ly9zdG9yYWdlLmdvb2dsZWFwaXMuY29tL3Byb3ZvbGxleWJhbGwtcHJvZC91cGxvYWQvMjAyNC8wMS8yMy80N2ZkNzVlNS0zZDVmLTQ1YTUtOTEyMi0xODUwYjIzZDNmODYuanBn.jpg,,Libero,Columbus Fury
90,Megan Courtney-Lush,Penn State,"Kettering, Ohio",6'1,17,https://provolleyball.com/imgproxy/EFv1HeZ5NbdksBmkQW_AwDl-_uzEDGBhusr2ngm2vC0/rs:fit:2000:0:0/g:ce/q:90/aHR0cHM6Ly9zdG9yYWdlLmdvb2dsZWFwaXMuY29tL3Byb3ZvbGxleWJhbGwtcHJvZC91cGxvYWQvMjAyNC8wMS8xOS8yZGFjMjgyMi1kNmI4LTQ3NTktYmUwZi0zNDljMDg3OWI3OWQucG5n.png,,Outside Hitter,Columbus Fury
323,Beta Dumančić,Clemson,"Osijik, Croatia",6'2,nan,https://provolleyball.com/imgproxy/9WAaEKM9d8HgMo3n4KpihmjQD5YvpWqLntpXQaTrV1M/rs:fit:2000:0:0/g:ce/q:90/aHR0cHM6Ly9zdG9yYWdlLmdvb2dsZWFwaXMuY29tL3Byb3ZvbGxleWJhbGwtcHJvZC91cGxvYWQvMjAyNC8xMC8xMC81NTU1ZDZhYi0xMWYxLTRiZDEtYTY2ZC05ODcyZmFjZWE2YjcucG5n.png,,Middle Blocker,Columbus Fury
220,Jill Gillen,Arkansas,"Stilwell, Kan.",5'7,10,https://provolleyball.com/imgproxy/RTipv0KtmqHEceK9_Ql98NbCfHCCjOjn_BqZ9DWK3U8/rs:fit:2000:0:0/g:ce/q:90/aHR0cHM6Ly9zdG9yYWdlLmdvb2dsZWFwaXMuY29tL3Byb3ZvbGxleWJhbGwtcHJvZC91cGxvYWQvMjAyNC8wMS8yMy8zZDgzNTcwZS1hNGQyLTQ0ZjktODUyYS1kY2Y0NDkwMmY2NTIuanBn.jpg,,Outside Hitter,Columbus Fury
280,Janice Leao,Miami,"New Bedford, Mass.",6'3,nan,https://provolleyball.com/imgproxy/dIAXq3Zj2_uyECD-DiBCFIVGaRVQ_w_RQDK4v1FjX90/rs:fit:2000:0:0/g:ce/q:90/aHR0cHM6Ly9zdG9yYWdlLmdvb2dsZWFwaXMuY29tL3Byb3ZvbGxleWJhbGwtcHJvZC91cGxvYWQvMjAyNC8wNy8wNS8wY2FjM2ZlNi00NjE3LTQ2MjEtOTNjOC1iZjI4OTU0YjY5ZDkuanBn.jpg,,Middle Blocker,Columbus Fury
216,Morgan Lewis,Oregon,"Carlsbad, CA",6'3,30,https://provolleyball.com/imgproxy/EwQPpw6lnBKcwIgmGDeX8RDy7If8qEvjA3GdTqUZmGc/rs:fit:2000:0:0/g:ce/q:90/aHR0cHM6Ly9zdG9yYWdlLmdvb2dsZWFwaXMuY29tL3Byb3ZvbGxleWJhbGwtcHJvZC91cGxvYWQvMjAyNC8wMS8zMS82ZWY2NzBiNi1lNjlmLTRhN2YtOGNmNi1hOWZlNDdiNzQ5MTQucG5n.png,,Opposite Hitter,Columbus Fury
282,Kaley Rammelsberg,Indiana,"Westerville, Ohio",6'2,nan,https://provolleyball.com/imgproxy/SiixtFFHqR_ygJfWp7Qx6m0q-iSWT-P39YWpAEBKjeA/rs:fit:2000:0:0/g:ce/q:90/aHR0cHM6Ly9zdG9yYWdlLmdvb2dsZWFwaXMuY29tL3Byb3ZvbGxleWJhbGwtcHJvZC91cGxvYWQvMjAyNC8wNy8xMC8yYTg1MGMzYy04MjIxLTRlMzAtYTE5My03ODgwMjE2MjNjMzEuanBn.jpg,,Middle Blocker,Columbus Fury
63,Wilma Rivera,Louisville,"Carolina, Puerto Rico",5'8,12,https://provolleyball.com/imgproxy/SaV0xPduCQtZStSCxoZ5IzEaOtU7VZBaOl4Hh7bOz_g/rs:fit:2000:0:0/g:ce/q:90/aHR0cHM6Ly9zdG9yYWdlLmdvb2dsZWFwaXMuY29tL3Byb3ZvbGxleWJhbGwtcHJvZC91cGxvYWQvMjAyNC8wMS8yMy82ZDcyNTViYS0zNjQ3LTQzOTEtYWNjNS0wYTY0OGM1MDI0ZTIuanBn.jpg,,Setter,Columbus Fury
5,Tori Stringer,Louisville,"Los Gatos, California",5'11,12,https://provolleyball.com/imgproxy/wQu2l3fIfUYM8VZOkiRL4PWQFUIFX7sfBIG8qMBR8hc/rs:fit:2000:0:0/g:ce/q:90/aHR0cHM6Ly9zdG9yYWdlLmdvb2dsZWFwaXMuY29tL3Byb3ZvbGxleWJhbGwtcHJvZC91cGxvYWQvMjAyNC8wNC8yOC9kYjE5Yjc4OS00YTA3LTQ3MGQtODc4NS04YWYyNDhkNDg1ODkucG5n.png,,Setter,Columbus Fury
27,Symone Abbott,Northwestern,"Northville, Michigan",6'1,27,https://provolleyball.com/imgproxy/-Yn1kgrespXkgSp26Qg6COrd4kThewUH7HQI4jEZef4/rs:fit:2000:0:0/g:ce/q:90/aHR0cHM6Ly9zdG9yYWdlLmdvb2dsZWFwaXMuY29tL3Byb3ZvbGxleWJhbGwtcHJvZC91cGxvYWQvMjAyNC8wMi8xOC8wNzQwMjQ4OC0yNWM0LTQxZmEtOWRmZC0wNjM1MTMwMjc0ZTAuanBn.jpg,,Outside Hitter,Grand Rapids Rise
275,Sherridan Atkinson,"Purdue, Long Beach State","Long Beach, California",6'5,nan,https://provolleyball.com/imgproxy/D6y6tpw12T9ypfE8CAbnxQkt0Xmnma4JoT7U1I3X7Vo/rs:fit:2000:0:0/g:ce/q:90/aHR0cHM6Ly9zdG9yYWdlLmdvb2dsZWFwaXMuY29tL3Byb3ZvbGxleWJhbGwtcHJvZC91cGxvYWQvMjAyNC8wNy8wMi9mZmEwNTU5NC1hNjQ4LTRjYmMtOWVhZC1lYjczZDhjNjFlODYucG5n.png,,Opposite Hitter,Grand Rapids Rise
2,Ali Bastianelli,Illinois,"Marysville, Michigan",6'3,10,https://provolleyball.com/imgproxy/9EF1PA5-gDAccATU16wvclXO1YwVkk7C9o-f0PU2evY/rs:fit:2000:0:0/g:ce/q:90/aHR0cHM6Ly9zdG9yYWdlLmdvb2dsZWFwaXMuY29tL3Byb3ZvbGxleWJhbGwtcHJvZC91cGxvYWQvMjAyNC8wMS8zMS8wNDdhMmQzOS0wOTA0LTQ3ODEtYTQ4ZS0xMTI3Y2I5MTU1MzUucG5n.png,,Middle Blocker,Grand Rapids Rise
147,Paige Briggs-Romine,Western Kentucky,"Ortonville, Michigan",5'10,13,https://provolleyball.com/imgproxy/YqiOxIPJ_1CziKvfB2UBKlKAGiq086_Slcgsc_9QuG0/rs:fit:2000:0:0/g:ce/q:90/aHR0cHM6Ly9zdG9yYWdlLmdvb2dsZWFwaXMuY29tL3Byb3ZvbGxleWJhbGwtcHJvZC91cGxvYWQvMjAyNC8wMS8xNS8wYjY0YTE4Ni03NThiLTRiZTgtOTA2Yy0xOTljODlmOTQxOGYuanBn.jpg,,Outside Hitter,Grand Rapids Rise
35,Marin Grote,Washington,"Burbank, California",6'4,8,https://provolleyball.com/imgproxy/1Qc94UpUsbEc4K4XH-SGkb27kU8HxAH9j1uambc4PJs/rs:fit:2000:0:0/g:ce/q:90/aHR0cHM6Ly9zdG9yYWdlLmdvb2dsZWFwaXMuY29tL3Byb3ZvbGxleWJhbGwtcHJvZC91cGxvYWQvMjAyNC8wMi8xOC80ZDllMGFiNC00OGEyLTRlMzEtOWI5YS04YTllMGZiYzJjNDAuanBn.jpg,,Middle Blocker,Grand Rapids Rise
32,Alyssa Jensen,Michigan State,"Holland, Michigan",6'4,17,https://provolleyball.com/imgproxy/XXzPscTn8yAy1Z_IrZIHQXYVprkXiEUDZQohAbgM_zk/rs:fit:2000:0:0/g:ce/q:90/aHR0cHM6Ly9zdG9yYWdlLmdvb2dsZWFwaXMuY29tL3Byb3ZvbGxleWJhbGwtcHJvZC91cGxvYWQvMjAyNC8wMi8xOC9jZjMzMDYzNi02NDUyLTRjZWMtYWYzNS0zMzAxMzYxZGZmMjMuanBn.jpg,,Middle Blocker,Grand Rapids Rise
20,Valeria Leon,Ohio State,"Ponce, Puerto Rico",5'6,3,https://provolleyball.com/imgproxy/UbV_AG6H99RTmIxKeqrTIgBUggOmWQfAJI_Qn2ysMTk/rs:fit:2000:0:0/g:ce/q:90/aHR0cHM6Ly9zdG9yYWdlLmdvb2dsZWFwaXMuY29tL3Byb3ZvbGxleWJhbGwtcHJvZC91cGxvYWQvMjAyNC8wMS8xOS84NmZmNDM2OC04ZDdlLTRlZTgtODg1NC0xYThkODg2ZTM2OTYucG5n.png,,Libero,Grand Rapids Rise
395,Kaleigh Nelson,Washington,"Salem, Ore.",6'0,6,https://provolleyball.com/imgproxy/AWR_gqvvsL2OXtrHeuto_ZiJ7PrjRvu6-XNJtjstnzQ/rs:fit:2000:0:0/g:ce/q:90/aHR0cHM6Ly9zdG9yYWdlLmdvb2dsZWFwaXMuY29tL3Byb3ZvbGxleWJhbGwtcHJvZC91cGxvYWQvMjAyNC8xMi8xMC82ZWYwNDFiOS1lMDRmLTQwNDQtYTVkZi01Yzg3ZTcyYjE1ZDQuSlBH.jpg,,Opposite Hitter,Grand Rapids Rise
319,Jena Otec,Purdue,"Crystal City, MO",5'10,nan,https://provolleyball.com/imgproxy/MFFG6GRMiD2AvXoLVaFQpRtZ_uGFchqFsUc3x-ckDDM/rs:fit:2000:0:0/g:ce/q:90/aHR0cHM6Ly9zdG9yYWdlLmdvb2dsZWFwaXMuY29tL3Byb3ZvbGxleWJhbGwtcHJvZC91cGxvYWQvMjAyNC8wNy8yMi8xZDNkMTM0OS1jODQyLTRmMTktODJmYi02NDZkMDlhOTlkZTcud2VicA.webp,,Libero,Grand Rapids Rise
36,Erika Pritchard,"Penn State, Maryland","Frederick, Maryland",6'3,5,https://provolleyball.com/imgproxy/i_t33eufbD_82gMP7enu7lkOtnWBhJDrRHx15-WDSbQ/rs:fit:2000:0:0/g:ce/q:90/aHR0cHM6Ly9zdG9yYWdlLmdvb2dsZWFwaXMuY29tL3Byb3ZvbGxleWJhbGwtcHJvZC91cGxvYWQvMjAyNC8wMi8xOC9mNWE1NmJkZi0xNTE2LTQ2OTMtOWUxMS01Y2E1OThkYjNjNzIuanBn.jpg,,Outside Hitter,Grand Rapids Rise
73,August Raskie,Oregon,"Colorado Springs, Colorado",6'2,1,https://provolleyball.com/imgproxy/_xa3NfxRCdbQBFFh9mH7Na7FOFqNX7M7LnXlk9Y6w60/rs:fit:2000:0:0/g:ce/q:90/aHR0cHM6Ly9zdG9yYWdlLmdvb2dsZWFwaXMuY29tL3Byb3ZvbGxleWJhbGwtcHJvZC91cGxvYWQvMjAyNC8wNy8wOS9kZDk2OTgyNy05MDhjLTQyMTktYmZiMy04NDI5M2QwNWJlODUucG5n.png,,Setter,Grand Rapids Rise
274,Carli Snyder,Florida,"Macomb, Michigan",6'1,nan,https://provolleyball.com/imgproxy/hoD3mIq_04ktAvSJEtunJcc0dvGbDxfnLNjabhGUrH8/rs:fit:2000:0:0/g:ce/q:90/aHR0cHM6Ly9zdG9yYWdlLmdvb2dsZWFwaXMuY29tL3Byb3ZvbGxleWJhbGwtcHJvZC91cGxvYWQvMjAyNC8wNy8wMS8zMjdiOTFjNC1iY2Q1LTRhYzAtOWM2YS1lMmE2M2MwYjA2OGQud2VicA.webp,,Outside Hitter,Grand Rapids Rise
320,MacKenzi Vazquez,Michigan,"Bolingbrook, Illinois",6'1,nan,https://provolleyball.com/imgproxy/r0F45hQ_FhAnFuVAp-3NleL46R6jcHjhz4nkGVmOIwE/rs:fit:2000:0:0/g:ce/q:90/aHR0cHM6Ly9zdG9yYWdlLmdvb2dsZWFwaXMuY29tL3Byb3ZvbGxleWJhbGwtcHJvZC91cGxvYWQvMjAyNC8wNy8zMS8zNjNmZWM2Mi0yMTBiLTQ1NjItOTQzZi0yNWY0NTMwODM4YzIuanBn.jpg,,Setter,Grand Rapids Rise
3,Grace Cleveland,Purdue,"Bloomington, Illinois",6'3,20,https://provolleyball.com/imgproxy/W-Wo5JQLU0NDP4xzHVbToE_zf_k6y4FpE-1zqBAVqfI/rs:fit:2000:0:0/g:ce/q:90/aHR0cHM6Ly9zdG9yYWdlLmdvb2dsZWFwaXMuY29tL3Byb3ZvbGxleWJhbGwtcHJvZC91cGxvYWQvMjAyNC8wMS8yNC9kZjhhNTE5MC1jOGExLTQ4ZjEtYjNhMC0zNGEyZmZmNGZiZmYuanBn.jpg,,Opposite Hitter,Indy Ignite
170,Gabby Gonzales,Oregon,"Marietta, GA",6'3,15,https://provolleyball.com/imgproxy/-88y6mPCkQ9oao2ldmj9YSRWTUKBfrJzgtzN-O9S5Qg/rs:fit:2000:0:0/g:ce/q:90/aHR0cHM6Ly9zdG9yYWdlLmdvb2dsZWFwaXMuY29tL3Byb3ZvbGxleWJhbGwtcHJvZC91cGxvYWQvMjAyNC8wMS8yOS82YmJjYzQ3Ni04NjJlLTQ5ODEtOTBjNy1hZDBkYTFlNWNmNjQucG5n.png,,Outside Hitter,Indy Ignite
165,Ainise Havili,University of Kansas,,5'10,21,https://provolleyball.com/imgproxy/lsiQHbkNeYMrqRaW9080isxyDxulLzYegHU9MhKyb5A/rs:fit:2000:0:0/g:ce/q:90/aHR0cHM6Ly9zdG9yYWdlLmdvb2dsZWFwaXMuY29tL3Byb3ZvbGxleWJhbGwtcHJvZC91cGxvYWQvMjAyNC8wMS8yOS9mYzNmZGViNi03ZWQ0LTRmZjYtYWNmMC0xNTMyYzAxYzQ0MTcucG5n.png,,Setter,Indy Ignite
44,Sydney Hilley,Wisconsin,"Brooklyn Park, Minnesota",6'0,2,https://provolleyball.com/imgproxy/5o72sSh8xgnn1xGD4AuMyB9F13MMQaIaeNtcVQx4g70/rs:fit:2000:0:0/g:ce/q:90/aHR0cHM6Ly9zdG9yYWdlLmdvb2dsZWFwaXMuY29tL3Byb3ZvbGxleWJhbGwtcHJvZC91cGxvYWQvMjAyNC8wMS8xNS85MWZlYWI3NC1jOTlmLTQ5NjctYmQyYy0xZjNiOTc2NTk0NGEuanBn.jpg,,Setter,Indy Ignite
10,Leketor Member-Meneh,Pittsburgh,"St. Louis, Missouri",5'7,1,https://provolleyball.com/imgproxy/LjkdWn3r-zAKgMWtDKGiWu8q2zsKMW3DKR4mhEyldiU/rs:fit:2000:0:0/g:ce/q:90/aHR0cHM6Ly9zdG9yYWdlLmdvb2dsZWFwaXMuY29tL3Byb3ZvbGxleWJhbGwtcHJvZC91cGxvYWQvMjAyNC8wMS8yNC82NGM3YThhMS00ZDBkLTQ0MGItYjliOS00ZGFhZDQzNzRjZmYuanBn.jpg,,Outside Hitter,Indy Ignite
61,Blake Mohler,Purdue,"Ocean Springs, Mississippi",6'2,7,https://provolleyball.com/imgproxy/9EPVKrY9rFThmz1fPjGUq8zXaizk1YsVHjiB64ERDEs/rs:fit:2000:0:0/g:ce/q:90/aHR0cHM6Ly9zdG9yYWdlLmdvb2dsZWFwaXMuY29tL3Byb3ZvbGxleWJhbGwtcHJvZC91cGxvYWQvMjAyNC8wMS8yMy8wMjVlYWM1Ni03ZmMxLTRlNGMtYThiNS02MWQ2MTI0ZDBkNTkuanBn.jpg,,Middle Blocker,Indy Ignite
205,Kylie Murr,Minnesota,,5'6,4,https://provolleyball.com/imgproxy/_O9YRtfdGuJNcjh80OmZKa-l4c4Pf_Cscazd24z7N64/rs:fit:2000:0:0/g:ce/q:90/aHR0cHM6Ly9zdG9yYWdlLmdvb2dsZWFwaXMuY29tL3Byb3ZvbGxleWJhbGwtcHJvZC91cGxvYWQvMjAyNC8wMS8yOS8wOWExMGZkMi01YjliLTQxMDUtOThjOC00ZjVkYzdiZWE0YjkucG5n.png,,Libero,Indy Ignite
141,Chiamaka Nwokolo,Pitt,"Columbus, Ohio",6'0,18,https://provolleyball.com/imgproxy/SinzzNRZ1NfauBgTbqutOaSrO7zaoBXK4FTf6b54lJc/rs:fit:2000:0:0/g:ce/q:90/aHR0cHM6Ly9zdG9yYWdlLmdvb2dsZWFwaXMuY29tL3Byb3ZvbGxleWJhbGwtcHJvZC91cGxvYWQvMjAyNC8wMS8yNC9hZjVhMDRkMC00NjMyLTRmMmYtYTYyZi1jZWNlYTBjYjA2M2QuanBn.jpg,,Middle Blocker,Indy Ignite
207,Madison Schermerhorn,Purdue,,5'10,2,https://provolleyball.com/imgproxy/2lDyteHd8rvxAkeuoA8GJshH3dRrPO4H_pT-AeXomsY/rs:fit:2000:0:0/g:ce/q:90/aHR0cHM6Ly9zdG9yYWdlLmdvb2dsZWFwaXMuY29tL3Byb3ZvbGxleWJhbGwtcHJvZC91cGxvYWQvMjAyNC8wMS8yOS9lYTU2YjI1Ny02YmM0LTRjYTQtYmMwMy0xZjZlYzg1MTM5M2IucG5n.png,,Libero,Indy Ignite
65,Carly Skjodt,Michigan,"Indianapolis, Indiana",6'1,18,https://provolleyball.com/imgproxy/ZsKgZRfeMuvZJlBb8ln0cKvl-FBLj8MWqysr-Fhaz0w/rs:fit:2000:0:0/g:ce/q:90/aHR0cHM6Ly9zdG9yYWdlLmdvb2dsZWFwaXMuY29tL3Byb3ZvbGxleWJhbGwtcHJvZC91cGxvYWQvMjAyNC8wMS8yMy9lNjk4ODFhOC1kNjc2LTQ2NmYtOWY2NS1lZTYxZmZmOWZlYmYuanBn.jpg,,Outside Hitter,Indy Ignite
221,Azhani Tealer,Kentucky,,5'10,21,https://provolleyball.com/imgproxy/jcdTCWFuXZWfFFjQrrWuzQ_YwcIXxXoM_c_EvUgKqAE/rs:fit:2000:0:0/g:ce/q:90/aHR0cHM6Ly9zdG9yYWdlLmdvb2dsZWFwaXMuY29tL3Byb3ZvbGxleWJhbGwtcHJvZC91cGxvYWQvMjAyNC8wMS8yMy8zYzM5ZDkzZC1jM2RmLTQzNWQtOTAzZC01MTgyMGFmN2E3MjYuanBn.jpg,,Opposite Hitter,Indy Ignite
402,Phoebe Awoleye,Minnesota / LMU / Georgia,"Marietta, Ga.",6'2,17,https://provolleyball.com/imgproxy/GZlDaP9SfTl3TgbtwI-h7fkbfU9WpjXLcMxyVUajyDU/rs:fit:2000:0:0/g:ce/q:90/aHR0cHM6Ly9zdG9yYWdlLmdvb2dsZWFwaXMuY29tL3Byb3ZvbGxleWJhbGwtcHJvZC91cGxvYWQvMjAyNC8xMi8yMy83OTRmMDYwOC05MjczLTQzMDYtYjM1NC02YWZiZmQzY2RhY2MucG5n.png,,Middle Blocker,Omaha Supernovas
396,Ally Batenhorst,USC / Nebraska,"Houston, Texas",6'5,14,https://provolleyball.com/imgproxy/qQyeCeldOYfs-YoliLSBnERcnsMbbX_STy9KICbU8BU/rs:fit:2000:0:0/g:ce/q:90/aHR0cHM6Ly9zdG9yYWdlLmdvb2dsZWFwaXMuY29tL3Byb3ZvbGxleWJhbGwtcHJvZC91cGxvYWQvMjAyNC8xMi8yMy85ODdjZWZhYS04MTYxLTQzMDItYjM2Ni00NzFlYTY3OWEyZTEucG5n.png,,Outside Hitter,Omaha Supernovas
28,Kayla Caffey,"Texas, Nebraska, Missouri","Chicago, Illinois",6'0,28,https://provolleyball.com/imgproxy/043SFJeS56rCn211e_xqCXCvFKM55-F8LGEMJ2Jkw-w/rs:fit:2000:0:0/g:ce/q:90/aHR0cHM6Ly9zdG9yYWdlLmdvb2dsZWFwaXMuY29tL3Byb3ZvbGxleWJhbGwtcHJvZC91cGxvYWQvMjAyNC8xMi8yMy8wNmQ1YjA2MS03Zjc1LTQ1YmItYmM1Zi0zNTYzYjU4MmRmZDAucG5n.png,,Middle Blocker,Omaha Supernovas
203,Reagan Cooper,"Texas Tech, Kansas","Rowlett, Texas",6'2,8,https://provolleyball.com/imgproxy/4udD9Wi5yKPeriste_qgCpEIAmRjfGAw-3dQATOYGOU/rs:fit:2000:0:0/g:ce/q:90/aHR0cHM6Ly9zdG9yYWdlLmdvb2dsZWFwaXMuY29tL3Byb3ZvbGxleWJhbGwtcHJvZC91cGxvYWQvMjAyNC8xMi8yMy8wZjI2NDIyMy1kNTEzLTRiY2MtODgwNi1kYzNiNjkyNWNiODAucG5n.png,,Outside Hitter,Omaha Supernovas
154,Sophie Davis,James Madison,"Fort Lauderdale, Florida",6'2,24,https://provolleyball.com/imgproxy/v-B-BUELQaNbs7TosxH1Ua4remX3Lu_DFvA40cMkR0U/rs:fit:2000:0:0/g:ce/q:90/aHR0cHM6Ly9zdG9yYWdlLmdvb2dsZWFwaXMuY29tL3Byb3ZvbGxleWJhbGwtcHJvZC91cGxvYWQvMjAyNC8xMi8yMy9hNTM1ZjQ4OS04YzFmLTQ5ZDQtOTQyMC01MGFlNWZlOWE0YjkucG5n.png,,Middle Blocker,Omaha Supernovas
34,Camila Gómez,"Texas A&M, Miami Dade","Cali, Colombia",5'2,31,https://provolleyball.com/imgproxy/uu1HFWhFgS__BWn-uZY1JhxMIiyt0yP66xhpxZjusz8/rs:fit:2000:0:0/g:ce/q:90/aHR0cHM6Ly9zdG9yYWdlLmdvb2dsZWFwaXMuY29tL3Byb3ZvbGxleWJhbGwtcHJvZC91cGxvYWQvMjAyNC8wNi8zMC9kMGRkM2UxNC00MTM0LTRjOGItYTYyYS0zNTBjZDY0ZDg1YzkuanBn.jpg,,Libero,Omaha Supernovas
272,Briana Holman,Nebraska,"DeSoto, Texas",6'1,nan,https://provolleyball.com/imgproxy/J-EEvJLc2yYYwaDu8iJ06Wejd6A3TTXUv241dDI9zZY/rs:fit:2000:0:0/g:ce/q:90/aHR0cHM6Ly9zdG9yYWdlLmdvb2dsZWFwaXMuY29tL3Byb3ZvbGxleWJhbGwtcHJvZC91cGxvYWQvMjAyNC8xMi8yMy82MGM4ZGU1MS00NzIwLTQ4MTktYWEwNi01ZTM1MzgxNDg2ZjMucG5n.png,,Middle Blocker,Omaha Supernovas
18,Kaitlyn Hord,"Penn State, Nebraska","Lexington, Kentucky",6'4,23,https://provolleyball.com/imgproxy/D2KSCleY3VM1USwP96dkjH0L5gu3BkWAEX7HEjM64gg/rs:fit:2000:0:0/g:ce/q:90/aHR0cHM6Ly9zdG9yYWdlLmdvb2dsZWFwaXMuY29tL3Byb3ZvbGxleWJhbGwtcHJvZC91cGxvYWQvMjAyNC8xMi8yMy9lYjMxYTg4NS05ODFjLTRiZGEtYjE5YS1hZWIxMDAxMGY4NTMucG5n.png,,Middle Blocker,Omaha Supernovas
397,Emily Londot,Ohio State,"Utica, Ohio",6'3,27,https://provolleyball.com/imgproxy/LoOjD3zsHJxLRdLYmMrCWFw-VTior9alv0oDfqcHtVo/rs:fit:2000:0:0/g:ce/q:90/aHR0cHM6Ly9zdG9yYWdlLmdvb2dsZWFwaXMuY29tL3Byb3ZvbGxleWJhbGwtcHJvZC91cGxvYWQvMjAyNC8xMi8xMS9iZGZmZWQ2NC0xMjkxLTRiZTgtYTQ0Ni1iY2NlYmQxYTA3ZmUucG5n.png,,Opposite Hitter,Omaha Supernovas
279,Jovana Mirosavljević,,"Nova Pazova, Serbia",6'0,nan,https://provolleyball.com/imgproxy/nN46xuvW1Tdl_KuJs0sYy-xr-yN_8ZW1vjWBfr4j-uA/rs:fit:2000:0:0/g:ce/q:90/aHR0cHM6Ly9zdG9yYWdlLmdvb2dsZWFwaXMuY29tL3Byb3ZvbGxleWJhbGwtcHJvZC91cGxvYWQvMjAyNC8xMi8yMy9kNzMwNDU2OC0yYjA0LTQ5NzctOTkwOS1jZmZiZGUyMDk3NDMucG5n.png,,Outside Hitter,Omaha Supernovas
45,Brooke Nuneviller,Oregon,"Chandler, Arizona",5'10,5,https://provolleyball.com/imgproxy/J9uyIkzQNtBCRUXV_idUU9Zkb_D07posemUn27lxrXQ/rs:fit:2000:0:0/g:ce/q:90/aHR0cHM6Ly9zdG9yYWdlLmdvb2dsZWFwaXMuY29tL3Byb3ZvbGxleWJhbGwtcHJvZC91cGxvYWQvMjAyNC8xMi8yMy85YjQ4MjNhNy1mNTZhLTQ4NmMtOWE3Ni04NDAwYTRjMDIwMjEucG5n.png,,Outside Hitter,Omaha Supernovas
401,Toyosi Onabanjo,Kansas / Iowa,"Houston, Texas",6'1,21,https://provolleyball.com/imgproxy/HZGDjjrvElgMCbBtmLhb-PZ_amN4bf6rmjMygWKCE5k/rs:fit:2000:0:0/g:ce/q:90/aHR0cHM6Ly9zdG9yYWdlLmdvb2dsZWFwaXMuY29tL3Byb3ZvbGxleWJhbGwtcHJvZC91cGxvYWQvMjAyNC8xMi8yMy81ZmMxYTgzOC0yYzM5LTQ1NzQtODQzMi0wOGNkOTMzMmFlZjkucG5n.png,,Middle Blocker,Omaha Supernovas
273,Kelsie Payne,Kansas,"Austin, Texas",6'3,nan,https://provolleyball.com/imgproxy/n37nm6mdkBRSk4Shal9XRXdl0lkgIf-of5oy2l7CZUc/rs:fit:2000:0:0/g:ce/q:90/aHR0cHM6Ly9zdG9yYWdlLmdvb2dsZWFwaXMuY29tL3Byb3ZvbGxleWJhbGwtcHJvZC91cGxvYWQvMjAyNC8xMi8yMy82MTQzOTRmYy1kZWNiLTQ2MGYtYTM2NC1iNTg1MTRlMDk2ZjYucG5n.png,,Opposite Hitter,Omaha Supernovas
160,Mac Podraza,"Penn State, Ohio State","Sunbury, Ohio",6'2,15,https://provolleyball.com/imgproxy/SD_faUquYNxaZosMSOXiqbKX2Zn02eeuH6EvvAmaDbw/rs:fit:2000:0:0/g:ce/q:90/aHR0cHM6Ly9zdG9yYWdlLmdvb2dsZWFwaXMuY29tL3Byb3ZvbGxleWJhbGwtcHJvZC91cGxvYWQvMjAyNC8xMi8yMy84ZjBmYTFhNC1lZDUwLTRkNzMtOTkzZi0xYjgyNTMzM2Q1MmIucG5n.png,,Setter,Omaha Supernovas
49,Natalia Valentin-Anderson,Florida International,"Caguas, Puerto Rico",5'10,1,https://provolleyball.com/imgproxy/tQgkgzvfeQmcmgPHxEBgeemAWMfW9kHjv0-FqtAKZew/rs:fit:2000:0:0/g:ce/q:90/aHR0cHM6Ly9zdG9yYWdlLmdvb2dsZWFwaXMuY29tL3Byb3ZvbGxleWJhbGwtcHJvZC91cGxvYWQvMjAyNC8xMi8yMy81ZGIzNTM5Mi01ZDYyLTQ3YTItODdlMS1hNzNmY2FlMjk4NDQucG5n.png,,Setter,Omaha Supernovas
403,Valeria Vazquez Gomez,Pittsburgh,"Manati, Puerto Rico",6'1,4,https://provolleyball.com/imgproxy/88SbHgc4WS2TI4Vwh1j3jCs5wYXqa3VZO4rmUEEebJk/rs:fit:2000:0:0/g:ce/q:90/aHR0cHM6Ly9zdG9yYWdlLmdvb2dsZWFwaXMuY29tL3Byb3ZvbGxleWJhbGwtcHJvZC91cGxvYWQvMjAyNC8xMi8yNy80YjExYzY5YS05Mzg1LTQwYzgtOTMwZC1kZGM4N2MwMGMyZjcucG5n.png,,Outside Hitter,Omaha Supernovas
16,Allison Whitten,"Morehead, Creighton","Simpsonville, SC",5'7,10,https://provolleyball.com/imgproxy/11IcLrqg659OthT4JLMpv_WrANx7a3C3atQAQqOPGtE/rs:fit:2000:0:0/g:ce/q:90/aHR0cHM6Ly9zdG9yYWdlLmdvb2dsZWFwaXMuY29tL3Byb3ZvbGxleWJhbGwtcHJvZC91cGxvYWQvMjAyNC8xMi8yMy9iOTYyYWI3My1lZGFhLTQzZWMtYmU5Zi0yMjlhYmNiZjdhMmMucG5n.png,,Libero,Omaha Supernovas
161,Adora Anae,Utah,"Laie, Hawaii",6'1,14,https://provolleyball.com/imgproxy/mdt4KAR5ugt-jLYnFMfdkPAjY2ZPwv8qs2fPW4MKC9I/rs:fit:2000:0:0/g:ce/q:90/aHR0cHM6Ly9zdG9yYWdlLmdvb2dsZWFwaXMuY29tL3Byb3ZvbGxleWJhbGwtcHJvZC91cGxvYWQvMjAyNC8wMS8yMy81MzE1YTY2Ny1lZmMzLTQxNDEtOGJmZi00ZmI2OTgzODc5MzQuanBn.jpg,,Outside Hitter,Orlando Valkyries
55,Kazmiere Brown,Kentucky,"Waterloo, Iowa",6'4,11,https://provolleyball.com/imgproxy/aBaCkFgnMFH8r-xLTHjcI2Ii-9CNRMPG2oKaZy8GQP0/rs:fit:2000:0:0/g:ce/q:90/aHR0cHM6Ly9zdG9yYWdlLmdvb2dsZWFwaXMuY29tL3Byb3ZvbGxleWJhbGwtcHJvZC91cGxvYWQvMjAyNC8wMS8yMy9mODFhMDMxYy00Yzk4LTQ2MzYtOWY4Zi02ZWI3NzgzNzM2MmMuanBn.jpg,,Middle Blocker,Orlando Valkyries
56,Paula Cerame,Indiana,"San Juan, Puerto Rico",5'8,20,https://provolleyball.com/imgproxy/KYYZexUyMsQJXrR9oLd-7K0eKTWbCQHkpHUwpxARwTc/rs:fit:2000:0:0/g:ce/q:90/aHR0cHM6Ly9zdG9yYWdlLmdvb2dsZWFwaXMuY29tL3Byb3ZvbGxleWJhbGwtcHJvZC91cGxvYWQvMjAyNC8wMS8yMy80N2ZkNzVlNS0zZDVmLTQ1YTUtOTEyMi0xODUwYjIzZDNmODYuanBn.jpg,,Libero,Orlando Valkyries
57,Aurea Cruz,Florida,"Levittown, Toa Baja, Puerto Rico",5'10,8,https://provolleyball.com/imgproxy/IfJQmLXR0zHtHk-CuE_lo3qEH_OlhDjjtRHjx-q1Zjs/rs:fit:2000:0:0/g:ce/q:90/aHR0cHM6Ly9zdG9yYWdlLmdvb2dsZWFwaXMuY29tL3Byb3ZvbGxleWJhbGwtcHJvZC91cGxvYWQvMjAyNC8wMS8yMy9iMDAzYTRiYy0wMWFhLTRmYjEtYmFkOS1iNmNjYWNlMDY1OTMuanBn.jpg,,Outside Hitter,Orlando Valkyries
262,Skylar Fields,USC,"Houston, TX",6'3,27,https://provolleyball.com/imgproxy/qSzZV1TkNAVX9f4z5xBQvLzLso4v78Z0eu4kdCtfAS8/rs:fit:2000:0:0/g:ce/q:90/aHR0cHM6Ly9zdG9yYWdlLmdvb2dsZWFwaXMuY29tL3Byb3ZvbGxleWJhbGwtcHJvZC91cGxvYWQvMjAyNC8wNC8wOS9iN2I1NWFmNC03YmNhLTQ5M2YtYTA2Ny01ZjJiOWRiMzg3NjQuanBn.jpg,,"Outside Hitter, Opposite Hitter",Orlando Valkyries
220,Jill Gillen,Arkansas,"Stilwell, Kan.",5'7,10,https://provolleyball.com/imgproxy/RTipv0KtmqHEceK9_Ql98NbCfHCCjOjn_BqZ9DWK3U8/rs:fit:2000:0:0/g:ce/q:90/aHR0cHM6Ly9zdG9yYWdlLmdvb2dsZWFwaXMuY29tL3Byb3ZvbGxleWJhbGwtcHJvZC91cGxvYWQvMjAyNC8wMS8yMy8zZDgzNTcwZS1hNGQyLTQ0ZjktODUyYS1kY2Y0NDkwMmY2NTIuanBn.jpg,,Outside Hitter,Orlando Valkyries
59,Carly Graham,Rice,"Spring, Texas",6'0,22,https://provolleyball.com/imgproxy/Bp5abBu7olKwE3evoL6_kC0Qum9NaBVM1HjHxdKQkPE/rs:fit:2000:0:0/g:ce/q:90/aHR0cHM6Ly9zdG9yYWdlLmdvb2dsZWFwaXMuY29tL3Byb3ZvbGxleWJhbGwtcHJvZC91cGxvYWQvMjAyNC8wMS8yMy84ZGNlZTcyZi1jZGU5LTQ5ZWItYTFmYi04ZDliNzc1MmFiYjAuanBn.jpg,,Setter,Orlando Valkyries
222,Abby Hansen,University of Central Florida,,6'5,19,https://provolleyball.com/imgproxy/WIOIjRgOCOFKIgoCNLphgyeEepAG9nStYhWE_wTTafc/rs:fit:2000:0:0/g:ce/q:90/aHR0cHM6Ly9zdG9yYWdlLmdvb2dsZWFwaXMuY29tL3Byb3ZvbGxleWJhbGwtcHJvZC91cGxvYWQvMjAyNC8wMS8yMy9iZTFmZDJkNy0yMzMzLTRlZGYtODc0OC1lM2IwODY1NjBmZjYuanBn.jpg,,Middle Blocker,Orlando Valkyries
227,Maddie McLaughlin,Arizona State,,6'2,3,https://provolleyball.com/imgproxy/zB7Ds9epwt00RWY5jZWvKFAV9l_vluOuJLImtB9q-ek/rs:fit:2000:0:0/g:ce/q:90/aHR0cHM6Ly9zdG9yYWdlLmdvb2dsZWFwaXMuY29tL3Byb3ZvbGxleWJhbGwtcHJvZC91cGxvYWQvMjAyNC8wMy8wOS80Y2VjYTI0Yy1kZTVhLTQ0OTQtYmM4Zi1iODMzOWMyYzZmYmIuanBn.jpg,,Middle Blocker,Orlando Valkyries
61,Blake Mohler,Purdue,"Ocean Springs, Mississippi",6'2,7,https://provolleyball.com/imgproxy/9EPVKrY9rFThmz1fPjGUq8zXaizk1YsVHjiB64ERDEs/rs:fit:2000:0:0/g:ce/q:90/aHR0cHM6Ly9zdG9yYWdlLmdvb2dsZWFwaXMuY29tL3Byb3ZvbGxleWJhbGwtcHJvZC91cGxvYWQvMjAyNC8wMS8yMy8wMjVlYWM1Ni03ZmMxLTRlNGMtYThiNS02MWQ2MTI0ZDBkNTkuanBn.jpg,,Middle Blocker,Orlando Valkyries
223,Georgia Murphy,Oregon,,5'6,5,https://provolleyball.com/imgproxy/M-0xAqeqj76Bt3Mex9AbvdPoSkE_yAomp79hwMXyUvI/rs:fit:2000:0:0/g:ce/q:90/aHR0cHM6Ly9zdG9yYWdlLmdvb2dsZWFwaXMuY29tL3Byb3ZvbGxleWJhbGwtcHJvZC91cGxvYWQvMjAyNC8wMS8yMy80Y2EyN2IzZS01NGI4LTQyNzUtYTNhZi1kMjFmMjFjMThlZGYuanBn.jpg,,Libero,Orlando Valkyries
63,Wilma Rivera,Louisville,"Carolina, Puerto Rico",5'8,12,https://provolleyball.com/imgproxy/SaV0xPduCQtZStSCxoZ5IzEaOtU7VZBaOl4Hh7bOz_g/rs:fit:2000:0:0/g:ce/q:90/aHR0cHM6Ly9zdG9yYWdlLmdvb2dsZWFwaXMuY29tL3Byb3ZvbGxleWJhbGwtcHJvZC91cGxvYWQvMjAyNC8wMS8yMy82ZDcyNTViYS0zNjQ3LTQzOTEtYWNjNS0wYTY0OGM1MDI0ZTIuanBn.jpg,,Setter,Orlando Valkyries
270,Courtney Schwan,Washington,"Auburn, WA",6'1,24,https://provolleyball.com/imgproxy/b199odauJBa0nfXAAGCIOeJFc95nVrIggGSnKMfMMJs/rs:fit:2000:0:0/g:ce/q:90/aHR0cHM6Ly9zdG9yYWdlLmdvb2dsZWFwaXMuY29tL3Byb3ZvbGxleWJhbGwtcHJvZC91cGxvYWQvMjAyNC8wNS8wMS84NTI1MDUwZi04YjJhLTQ0OWItOTBmZi0yODZlMmI4MmYxNWEuanBn.jpg,,Outside Hitter,Orlando Valkyries
65,Carly Skjodt,Michigan,"Indianapolis, Indiana",6'1,18,https://provolleyball.com/imgproxy/ZsKgZRfeMuvZJlBb8ln0cKvl-FBLj8MWqysr-Fhaz0w/rs:fit:2000:0:0/g:ce/q:90/aHR0cHM6Ly9zdG9yYWdlLmdvb2dsZWFwaXMuY29tL3Byb3ZvbGxleWJhbGwtcHJvZC91cGxvYWQvMjAyNC8wMS8yMy9lNjk4ODFhOC1kNjc2LTQ2NmYtOWY2NS1lZTYxZmZmOWZlYmYuanBn.jpg,,Outside Hitter,Orlando Valkyries
221,Azhani Tealer,Kentucky,,5'10,21,https://provolleyball.com/imgproxy/jcdTCWFuXZWfFFjQrrWuzQ_YwcIXxXoM_c_EvUgKqAE/rs:fit:2000:0:0/g:ce/q:90/aHR0cHM6Ly9zdG9yYWdlLmdvb2dsZWFwaXMuY29tL3Byb3ZvbGxleWJhbGwtcHJvZC91cGxvYWQvMjAyNC8wMS8yMy8zYzM5ZDkzZC1jM2RmLTQzNWQtOTAzZC01MTgyMGFmN2E3MjYuanBn.jpg,,Opposite Hitter,Orlando Valkyries
66,M'Kaela White,James Madison,"Riverdale, Maryland",6'4,9,https://provolleyball.com/imgproxy/lIRmHbgiuj8E8F7UW2kJX7ToP-yAb5EdUyroaHrQmog/rs:fit:2000:0:0/g:ce/q:90/aHR0cHM6Ly9zdG9yYWdlLmdvb2dsZWFwaXMuY29tL3Byb3ZvbGxleWJhbGwtcHJvZC91cGxvYWQvMjAyNC8wMS8yMy84YTA1ZmRmNi1hYmU0LTQzMzYtYTEzNC0yNWI1NWJhZjAzYzkuanBn.jpg,,Middle Blocker,Orlando Valkyries
224,Kalyah Williams,USC,"Long Beach, CA",6'0,13,https://provolleyball.com/imgproxy/RqmL9o_T6i0i1PxHut3EfVzh0tDoplz8jjbQPkYZYdI/rs:fit:2000:0:0/g:ce/q:90/aHR0cHM6Ly9zdG9yYWdlLmdvb2dsZWFwaXMuY29tL3Byb3ZvbGxleWJhbGwtcHJvZC91cGxvYWQvMjAyNC8wMS8yMy82YmEzNmIzOC1mNjM0LTQyMzYtYTU1MS05NmE4Y2U2ZWI5ZGMuanBn.jpg,,Opposite Hitter,Orlando Valkyries
394,Yeliz Başa,,"Istanbul, Türkiye",6'2,11,https://provolleyball.com/imgproxy/9qzRQjiO-KrNw-TaS_E5I8-Y0gXfAB6uwUeje_5swa4/rs:fit:2000:0:0/g:ce/q:90/aHR0cHM6Ly9zdG9yYWdlLmdvb2dsZWFwaXMuY29tL3Byb3ZvbGxleWJhbGwtcHJvZC91cGxvYWQvMjAyNC8xMi8wNi8wYjlhYjQ1ZC04MGUzLTQ3YjAtOTRjZC0wMzQ2Y2U3MjFlZmMuanBn.jpg,,Opposite Hitter,San Diego Mojo
285,Rosir Calderón,,"Havana, Cuba",6'3,nan,https://provolleyball.com/imgproxy/Hz_MZT88_xCfmpVXG-yNzC7ezqGt36mu0YNHw-6KWUQ/rs:fit:2000:0:0/g:ce/q:90/aHR0cHM6Ly9zdG9yYWdlLmdvb2dsZWFwaXMuY29tL3Byb3ZvbGxleWJhbGwtcHJvZC91cGxvYWQvMjAyNC8wNy8xMS9hNjBmMGU2OS0yMWY1LTQ0MmItYTVhOC1mMTkxZDExZWYyYmYud2VicA.webp,,Outside Hitter,San Diego Mojo
318,Anna Church,Kansas,"Fairway, Kan.",5'8,nan,https://provolleyball.com/imgproxy/Y5uaZFzjWkeQSI0JKGs0KOI4OIqE__kmqPw0k4AUAk0/rs:fit:2000:0:0/g:ce/q:90/aHR0cHM6Ly9zdG9yYWdlLmdvb2dsZWFwaXMuY29tL3Byb3ZvbGxleWJhbGwtcHJvZC91cGxvYWQvMjAyNC8wNy8xNS9mMmEzMThiMy1lZDg2LTRhZDAtOGJjNy03ZTk1NzQ5NTJiNmYucG5n.png,,Libero,San Diego Mojo
94,Kylie Cole,NC State,"Coppell, Texas",6'1,6,https://provolleyball.com/imgproxy/gP1RhD5w6IXVNmZQnEokqbjOsekvUglD9uhpHqG7LUY/rs:fit:2000:0:0/g:ce/q:90/aHR0cHM6Ly9zdG9yYWdlLmdvb2dsZWFwaXMuY29tL3Byb3ZvbGxleWJhbGwtcHJvZC91cGxvYWQvMjAyMy8xMS8wOS8yNmUyNGJkZi0wNDYyLTRkY2YtYmFkZi05MGM3ZTMxZmQ1NzIuanBn.jpg,,Setter,San Diego Mojo
4,Kendra Dahlke,Arizona,"Bonsall, California",6'0,3,https://provolleyball.com/imgproxy/fCSylbIKKcFaIFRBDJVHeknTuap5RpWqoBSelR8wQUA/rs:fit:2000:0:0/g:ce/q:90/aHR0cHM6Ly9zdG9yYWdlLmdvb2dsZWFwaXMuY29tL3Byb3ZvbGxleWJhbGwtcHJvZC91cGxvYWQvMjAyNC8wMS8zMS82YjI0YmQ3Ni00NTYzLTQ2YWItOTY5ZC1lODA3ZDk4ZDBjYzMucG5n.png,,Outside Hitter,San Diego Mojo
393,Erin Fairs,Louisville,"Houston, Texas",5'10,51,https://provolleyball.com/imgproxy/FA9NUXp8yeprSMXeGboQ3aK_qZ5svDCrx2fiBF3X1iU/rs:fit:2000:0:0/g:ce/q:90/aHR0cHM6Ly9zdG9yYWdlLmdvb2dsZWFwaXMuY29tL3Byb3ZvbGxleWJhbGwtcHJvZC91cGxvYWQvMjAyNC8xMi8wNi80ODdlNjQwZi1hMDc2LTRiZjYtOTE0ZS01MWIzOTlmMTBlZDkuanBlZw.jpeg,,Outside Hitter,San Diego Mojo
19,Rainelle Jones,Maryland,"Oxon Hill, Maryland",6'3,1,https://provolleyball.com/imgproxy/2Vx3hqbEe8q6KyG_L-Xa5_vB6TXxh-9BqJTPnZToQ3c/rs:fit:2000:0:0/g:ce/q:90/aHR0cHM6Ly9zdG9yYWdlLmdvb2dsZWFwaXMuY29tL3Byb3ZvbGxleWJhbGwtcHJvZC91cGxvYWQvMjAyNC8wMS8xOS83ZjQyYmUzNC0xZDlhLTQ0NTctYmJlYS03MjQxOTdiYTEwNGUucG5n.png,,Middle Blocker,San Diego Mojo
321,DaYeong Lee,,"Iksan, South Korea",5'10,nan,https://provolleyball.com/imgproxy/3vqvsTETyHeCLVcyEh3oqcfegDejxE7Z-xWVRwBI2jM/rs:fit:2000:0:0/g:ce/q:90/aHR0cHM6Ly9zdG9yYWdlLmdvb2dsZWFwaXMuY29tL3Byb3ZvbGxleWJhbGwtcHJvZC91cGxvYWQvMjAyNC8wOS8wMy9iZTE5MDUxOS1hNjNhLTRlODQtOGEwZS05ODdmMjUzZGIzNzkuanBlZw.jpeg,,Setter,San Diego Mojo
21,Kayla Lund,Pittsburgh,"Pasadena, California",6'0,28,https://provolleyball.com/imgproxy/wFAeZcmXv-TFogej_H7U03tFMIWLzqEN-GQPsfrO85Q/rs:fit:2000:0:0/g:ce/q:90/aHR0cHM6Ly9zdG9yYWdlLmdvb2dsZWFwaXMuY29tL3Byb3ZvbGxleWJhbGwtcHJvZC91cGxvYWQvMjAyNC8wMS8xOS80NDA4M2RkZC1jNjc4LTQ0OTctOTRmMi03YTQ0MTVkY2RkMTkucG5n.png,,Outside Hitter,San Diego Mojo
284,Oluoma Okaro,Arizona State,"Los Angeles, Calif.",6'1,nan,https://provolleyball.com/imgproxy/MHrTQLR7RQzBYBY1yP3L6qM6m8qxlsplsI2ZZp5jQaM/rs:fit:2000:0:0/g:ce/q:90/aHR0cHM6Ly9zdG9yYWdlLmdvb2dsZWFwaXMuY29tL3Byb3ZvbGxleWJhbGwtcHJvZC91cGxvYWQvMjAyNC8wNy8xMS8xNjY1NzUzZC1iODFjLTQxMDAtOTgzNS01NjM5MDI0NGMyNmQud2VicA.webp,,Opposite Hitter,San Diego Mojo
322,Lauren Page,Oregon,"Chino, Calif.",6'0,nan,https://provolleyball.com/imgproxy/tCq1GH31n1Srq3QXgeDKkuC5WzN0Z7CjehGTMGIAalE/rs:fit:2000:0:0/g:ce/q:90/aHR0cHM6Ly9zdG9yYWdlLmdvb2dsZWFwaXMuY29tL3Byb3ZvbGxleWJhbGwtcHJvZC91cGxvYWQvMjAyNC8wOS8yNS9hYmM4NDY3NS0xMzRlLTQyMjItOWNhMi1lNGY1NTEyNzhlZjEuanBlZw.jpeg,,Middle Blocker,San Diego Mojo
95,Regan Pittman,Minnesota,"Spring Hill, Kansas",6'4,24,https://provolleyball.com/imgproxy/bbb2TKFiFcrll5qGUZ-sL9YPYtnzMEz4Mbizv-2rxC8/rs:fit:2000:0:0/g:ce/q:90/aHR0cHM6Ly9zdG9yYWdlLmdvb2dsZWFwaXMuY29tL3Byb3ZvbGxleWJhbGwtcHJvZC91cGxvYWQvMjAyNC8wMS8yNC84MzI3MDJlYy05ODc5LTQxNjUtOTM4ZC1lMjY5NDQyYTQ3MDUuanBn.jpg,,Middle Blocker,San Diego Mojo
89,Sarah Sponcil,"UCLA, Loyola Marymount","Phoenix, Arizona",5'8,12,https://provolleyball.com/imgproxy/XfcNDJax5m2sPeN9S8pNvK6xt73vo0U-KxaXws12IDE/rs:fit:2000:0:0/g:ce/q:90/aHR0cHM6Ly9zdG9yYWdlLmdvb2dsZWFwaXMuY29tL3Byb3ZvbGxleWJhbGwtcHJvZC91cGxvYWQvMjAyNC8wMi8xOC9iZjI0NjI0NC0yNTgxLTRmMDEtOTU2ZS00ZGY0YTdlZGE2YjcuanBn.jpg,,"Libero, Setter",San Diego Mojo
74,Ronika Stone,Oregon,"San Jose, California",6'2,7,https://provolleyball.com/imgproxy/N2QeFz6X-yRxONbqeviO14oYZRhnBiB6Eq2MIY8G0yU/rs:fit:2000:0:0/g:ce/q:90/aHR0cHM6Ly9zdG9yYWdlLmdvb2dsZWFwaXMuY29tL3Byb3ZvbGxleWJhbGwtcHJvZC91cGxvYWQvMjAyNC8wMS8zMS9mMTA2N2Y1Zi1iZGM2LTRkYWUtOTM4Ny01MWU4MjgxN2RjNDMucG5n.png,,Middle Blocker,San Diego Mojo
77,Shara Venegas,Universidad Metropolitana,"Toa Baja, Puerto Rico",5'7,2,https://provolleyball.com/imgproxy/ZAuAxMKP4Nw9C3JcJgRjz_Nf2NouGzm9rFEv1FO0RZ4/rs:fit:2000:0:0/g:ce/q:90/aHR0cHM6Ly9zdG9yYWdlLmdvb2dsZWFwaXMuY29tL3Byb3ZvbGxleWJhbGwtcHJvZC91cGxvYWQvMjAyNC8wMS8zMS8yYjdmZmU5Ni1mZWE2LTQ3ODAtOWE0MC04MTIzZmRmYjIwYmEucG5n.png,,Libero,San Diego Mojo
1,Anota Adekunle,Rice,,6'2,nan,https://provolleyball.com/imgproxy/wY51XNe4zl7lhd8XcrIEd-TOL7rHcL2jtgZ0WvSz5bk/rs:fit:2000:0:0/g:ce/q:90/aHR0cHM6Ly9zdG9yYWdlLmdvb2dsZWFwaXMuY29tL3Byb3ZvbGxleWJhbGwtcHJvZC91cGxvYWQvMjAyMy8xMS8wOS9hYjNhMGVhMC0wYTUyLTRiOTYtYTAzMy1lM2IxYWEwOGEzMjMuanBn.jpg,,Middle Blocker,Vegas Thrill
102,Alisha Glass Childress,Penn State,"Leland, Michigan",6'0,6,https://provolleyball.com/imgproxy/HgQ5gCYFiyTwljsT-BWatUoBByD4oMZTTxd0UzIyhQo/rs:fit:2000:0:0/g:ce/q:90/aHR0cHM6Ly9zdG9yYWdlLmdvb2dsZWFwaXMuY29tL3Byb3ZvbGxleWJhbGwtcHJvZC91cGxvYWQvMjAyNC8wMS8yOS80NmExZDJmNi0wNTc2LTRkN2ItYTc3Mi0xMGM0YmE4ZWFkNTQucG5n.png,,Setter,Vegas Thrill
59,Carly Graham,Rice,"Spring, Texas",6'0,22,https://provolleyball.com/imgproxy/Bp5abBu7olKwE3evoL6_kC0Qum9NaBVM1HjHxdKQkPE/rs:fit:2000:0:0/g:ce/q:90/aHR0cHM6Ly9zdG9yYWdlLmdvb2dsZWFwaXMuY29tL3Byb3ZvbGxleWJhbGwtcHJvZC91cGxvYWQvMjAyNC8wMS8yMy84ZGNlZTcyZi1jZGU5LTQ5ZWItYTFmYi04ZDliNzc1MmFiYjAuanBn.jpg,,Setter,Vegas Thrill
104,Saskia Hippe,,"Berlin, Germany",6'1,91,https://provolleyball.com/imgproxy/Dy-z7b4DAIW9ac4ML18HobG6dzDmK2qoysnbW3CCHrg/rs:fit:2000:0:0/g:ce/q:90/aHR0cHM6Ly9zdG9yYWdlLmdvb2dsZWFwaXMuY29tL3Byb3ZvbGxleWJhbGwtcHJvZC91cGxvYWQvMjAyNC8wMS8yOS9lZjliNTA3YS1lZjQ2LTRmZTctYTQxNi03MGY0NjM0OTM2MjUucG5n.png,,Opposite Hitter,Vegas Thrill
265,Willow Johnson,Oregon,"Paradise Valley, Ariz.",6'3,4,https://provolleyball.com/imgproxy/mcCZwm_uKsHsg8ZWVaE-3MYK5rW9NIdnIcIcyWBp9jE/rs:fit:2000:0:0/g:ce/q:90/aHR0cHM6Ly9zdG9yYWdlLmdvb2dsZWFwaXMuY29tL3Byb3ZvbGxleWJhbGwtcHJvZC91cGxvYWQvMjAyNC8wNC8yOS8wZjA3NjhhOS0xMDRjLTRjYTYtYTllYi0yNGNmMDcxMjQ5YjAuanBlZw.jpeg,,Opposite Hitter,Vegas Thrill
70,Grace Loberg,Wisconsin,"Geneva, Illinois",6'3,9,https://provolleyball.com/imgproxy/ZQl40kPwUMZXwYnvVBmH_1mzjm53iKF0bxrmxK2NNGU/rs:fit:2000:0:0/g:ce/q:90/aHR0cHM6Ly9zdG9yYWdlLmdvb2dsZWFwaXMuY29tL3Byb3ZvbGxleWJhbGwtcHJvZC91cGxvYWQvMjAyNC8wMS8zMS9jYzYwZjVkOS1kOTM2LTQxNGUtYjg5NS1iYjQwNjg2YTI0NDUucG5n.png,,Outside Hitter,Vegas Thrill
206,Hannah Maddux,South Alabama,,6'2,11,https://provolleyball.com/imgproxy/5kOjihb_xCCQIsu6MQU_b-PGNLGdu_t8dJeiWc5Q4OU/rs:fit:2000:0:0/g:ce/q:90/aHR0cHM6Ly9zdG9yYWdlLmdvb2dsZWFwaXMuY29tL3Byb3ZvbGxleWJhbGwtcHJvZC91cGxvYWQvMjAyNC8wMS8yOS9mZGUxZGQ3Mi04Yzk4LTRjY2UtOWM0Yy1jYTUxODM2OWY2ZmUucG5n.png,,Outside Hitter,Vegas Thrill
151,Allison Mayfield,Kansas,"Overland Park, Kansas",6'1,15,https://provolleyball.com/imgproxy/0Qgo6tjKmMOHi8eJPZtkgXrc92Zu7ldt_Gs99RcKV1Y/rs:fit:2000:0:0/g:ce/q:90/aHR0cHM6Ly9zdG9yYWdlLmdvb2dsZWFwaXMuY29tL3Byb3ZvbGxleWJhbGwtcHJvZC91cGxvYWQvMjAyNC8wMS8xNS9mMzk2MmUxZi05NzQ0LTQxYWUtYTRkNC05NGI0YzAwOTMyZGUuanBn.jpg,,Outside Hitter,Vegas Thrill
106,Berkeley Oblad,Utah,"Henderson, Nevada",6'4,12,https://provolleyball.com/imgproxy/e2XdYQRdB-0zCeV3vAU3wdOHYxQ2FjihNj6ERPLMc10/rs:fit:2000:0:0/g:ce/q:90/aHR0cHM6Ly9zdG9yYWdlLmdvb2dsZWFwaXMuY29tL3Byb3ZvbGxleWJhbGwtcHJvZC91cGxvYWQvMjAyNC8wMS8yOS9kZjkyMGFjZC1kNjI2LTRhOTctODg3ZC1lMjU5MDZjNjRmYzEucG5n.png,,Middle Blocker,Vegas Thrill
105,Layne Van Buskirk,Pitt,"Windsor, Canada",6'4,4,https://provolleyball.com/imgproxy/VEwQLiCgA-V0T3BeoKMSFsnw1k5Z_oKTJ9hhL0FrcB4/rs:fit:2000:0:0/g:ce/q:90/aHR0cHM6Ly9zdG9yYWdlLmdvb2dsZWFwaXMuY29tL3Byb3ZvbGxleWJhbGwtcHJvZC91cGxvYWQvMjAyNC8xMC8zMC9kOWJlYTcwMi1iYjJmLTQwOTUtODdjYi1jMTI4Y2UwMGM0OWMucG5n.png,,Middle Blocker,Vegas Thrill
52,Kendall White,Penn State,"Zionsville, Indiana",5'7,3,https://provolleyball.com/imgproxy/MAby5AklL_kSjEyRms3Pfx3T9ZnRxZ24CO-eJgJuc9k/rs:fit:2000:0:0/g:ce/q:90/aHR0cHM6Ly9zdG9yYWdlLmdvb2dsZWFwaXMuY29tL3Byb3ZvbGxleWJhbGwtcHJvZC91cGxvYWQvMjAyNC8wMS8xNS9iZmZmNTFhZC1lZDY3LTRmZmUtOGY2Mi0zOGI5MWJhMjY5OWYuanBn.jpg,,Libero,Vegas Thrill
